prefix_length,num_cases,tp,fp,tn,fn,precision,recall,fscore
1,25923,15592,10331,0,0,0.6014735948771361,1,0.7511501866795134
2,25923,0,0,0,0,0.0,0,0.0
