prefix_length,num_cases,tp,fp,tn,fn,precision,recall,fscore
1.0,228.0,92.0,107.0,2.0,27.0,0.4623115577889447,0.773109243697479,0.5786163522012578
2.0,225.0,92.0,107.0,0.0,26.0,0.4623115577889447,0.7796610169491526,0.580441640378549
3.0,216.0,92.0,107.0,0.0,17.0,0.4623115577889447,0.8440366972477065,0.5974025974025974
4.0,211.0,92.0,107.0,0.0,12.0,0.4623115577889447,0.8846153846153846,0.6072607260726073
5.0,205.0,89.0,106.0,1.0,9.0,0.4564102564102564,0.9081632653061225,0.6075085324232082
6.0,199.0,87.0,93.0,14.0,5.0,0.48333333333333334,0.9456521739130435,0.6397058823529411
7.0,198.0,87.0,94.0,12.0,5.0,0.48066298342541436,0.9456521739130435,0.6373626373626373
8.0,196.0,87.0,94.0,12.0,3.0,0.48066298342541436,0.9666666666666667,0.6420664206642067
9.0,195.0,88.0,104.0,1.0,2.0,0.4583333333333333,0.9777777777777777,0.624113475177305
10.0,195.0,88.0,105.0,0.0,2.0,0.45595854922279794,0.9777777777777777,0.6219081272084805
11.0,193.0,87.0,105.0,0.0,1.0,0.453125,0.9886363636363636,0.6214285714285714
12.0,193.0,86.0,105.0,0.0,2.0,0.450261780104712,0.9772727272727273,0.6164874551971327
13.0,192.0,86.0,105.0,0.0,1.0,0.450261780104712,0.9885057471264368,0.6187050359712231
14.0,191.0,14.0,21.0,84.0,72.0,0.4,0.16279069767441862,0.231404958677686
15.0,191.0,0.0,0.0,0.0,0.0,0.0,0.0,0.0
16.0,191.0,0.0,0.0,0.0,0.0,0.0,0.0,0.0
17.0,190.0,0.0,0.0,0.0,0.0,0.0,0.0,0.0
18.0,190.0,0.0,0.0,0.0,0.0,0.0,0.0,0.0
19.0,189.0,0.0,0.0,0.0,0.0,0.0,0.0,0.0
20.0,187.0,0.0,0.0,0.0,0.0,0.0,0.0,0.0
21.0,185.0,0.0,0.0,0.0,0.0,0.0,0.0,0.0
22.0,179.0,0.0,0.0,0.0,0.0,0.0,0.0,0.0
23.0,176.0,0.0,0.0,0.0,0.0,0.0,0.0,0.0
24.0,173.0,0.0,0.0,0.0,0.0,0.0,0.0,0.0
25.0,155.0,0.0,0.0,0.0,0.0,0.0,0.0,0.0
26.0,134.0,0.0,0.0,0.0,0.0,0.0,0.0,0.0
27.0,112.0,0.0,0.0,0.0,0.0,0.0,0.0,0.0
28.0,106.0,0.0,0.0,0.0,0.0,0.0,0.0,0.0
29.0,97.0,0.0,0.0,0.0,0.0,0.0,0.0,0.0
30.0,92.0,0.0,0.0,0.0,0.0,0.0,0.0,0.0
