prefix_length,num_cases,tp,fp,tn,fn,precision,recall,fscore
1.0,87.0,73.0,12.0,1.0,1.0,0.8588235294117647,0.9864864864864865,0.9182389937106918
2.0,86.0,73.0,12.0,0.0,1.0,0.8588235294117647,0.9864864864864865,0.9182389937106918
3.0,86.0,73.0,12.0,0.0,1.0,0.8588235294117647,0.9864864864864865,0.9182389937106918
4.0,86.0,73.0,12.0,0.0,1.0,0.8588235294117647,0.9864864864864865,0.9182389937106918
5.0,86.0,73.0,12.0,0.0,1.0,0.8588235294117647,0.9864864864864865,0.9182389937106918
6.0,86.0,73.0,12.0,0.0,1.0,0.8588235294117647,0.9864864864864865,0.9182389937106918
7.0,86.0,69.0,12.0,0.0,5.0,0.8518518518518519,0.9324324324324325,0.8903225806451613
8.0,86.0,68.0,12.0,0.0,6.0,0.85,0.918918918918919,0.8831168831168831
9.0,86.0,68.0,12.0,0.0,6.0,0.85,0.918918918918919,0.8831168831168831
10.0,85.0,67.0,12.0,0.0,6.0,0.8481012658227848,0.9178082191780822,0.881578947368421
11.0,85.0,66.0,12.0,0.0,7.0,0.8461538461538461,0.9041095890410958,0.8741721854304636
12.0,85.0,66.0,12.0,0.0,7.0,0.8461538461538461,0.9041095890410958,0.8741721854304636
13.0,85.0,66.0,12.0,0.0,7.0,0.8461538461538461,0.9041095890410958,0.8741721854304636
14.0,80.0,2.0,8.0,4.0,66.0,0.2,0.029411764705882353,0.05128205128205128
15.0,80.0,64.0,12.0,0.0,4.0,0.8421052631578947,0.9411764705882353,0.8888888888888888
16.0,79.0,62.0,12.0,0.0,5.0,0.8378378378378378,0.9253731343283582,0.8794326241134752
17.0,79.0,62.0,12.0,0.0,5.0,0.8378378378378378,0.9253731343283582,0.8794326241134752
18.0,77.0,62.0,12.0,0.0,3.0,0.8378378378378378,0.9538461538461539,0.8920863309352518
19.0,77.0,1.0,0.0,12.0,64.0,1.0,0.015384615384615385,0.030303030303030307
20.0,74.0,0.0,0.0,12.0,62.0,0.0,0.0,0.0
21.0,70.0,1.0,0.0,12.0,57.0,1.0,0.017241379310344827,0.03389830508474576
22.0,68.0,1.0,0.0,12.0,55.0,1.0,0.017857142857142856,0.03508771929824561
23.0,67.0,0.0,0.0,0.0,0.0,0.0,0.0,0.0
24.0,65.0,0.0,0.0,0.0,0.0,0.0,0.0,0.0
25.0,64.0,0.0,0.0,0.0,0.0,0.0,0.0,0.0
26.0,62.0,0.0,0.0,0.0,0.0,0.0,0.0,0.0
27.0,62.0,0.0,0.0,0.0,0.0,0.0,0.0,0.0
28.0,61.0,0.0,0.0,0.0,0.0,0.0,0.0,0.0
29.0,58.0,0.0,0.0,0.0,0.0,0.0,0.0,0.0
30.0,57.0,0.0,0.0,0.0,0.0,0.0,0.0,0.0
31.0,56.0,0.0,0.0,0.0,0.0,0.0,0.0,0.0
32.0,56.0,0.0,0.0,0.0,0.0,0.0,0.0,0.0
33.0,56.0,0.0,0.0,0.0,0.0,0.0,0.0,0.0
34.0,55.0,0.0,0.0,0.0,0.0,0.0,0.0,0.0
35.0,55.0,0.0,0.0,0.0,0.0,0.0,0.0,0.0
36.0,55.0,0.0,0.0,0.0,0.0,0.0,0.0,0.0
37.0,55.0,0.0,0.0,0.0,0.0,0.0,0.0,0.0
38.0,54.0,0.0,0.0,0.0,0.0,0.0,0.0,0.0
39.0,53.0,0.0,0.0,0.0,0.0,0.0,0.0,0.0
40.0,53.0,0.0,0.0,0.0,0.0,0.0,0.0,0.0
