prefix_length,num_cases,tp,fp,tn,fn,precision,recall,fscore
1,44,20,10,4,10,0.6666666666666666,0.6666666666666666,0.6666666666666666
2,41,15,10,4,12,0.6,0.5555555555555556,0.576923076923077
3,36,15,10,3,8,0.6,0.6521739130434783,0.6250000000000001
4,30,15,10,0,5,0.6,0.75,0.6666666666666665
5,25,0,0,10,15,0,0.0,0
6,22,2,0,8,12,1.0,0.14285714285714285,0.25
7,19,0,0,0,0,0,0,0
8,18,0,0,0,0,0,0,0
9,13,0,0,0,0,0,0,0
10,9,0,0,0,0,0,0,0
