prefix_length,num_cases,tp,fp,tn,fn,precision,recall,fscore;;;;;
1.0,151.0,135.0,16.0,0.0,0.0,0.8940397350993378,1.0,0.9440559440559442;;;;;
2.0,151.0,135.0,16.0,0.0,0.0,0.8940397350993378,1.0,0.9440559440559442;;;;;
3.0,151.0,135.0,16.0,0.0,0.0,0.8940397350993378,1.0,0.9440559440559442;;;;;
4.0,151.0,135.0,16.0,0.0,0.0,0.8940397350993378,1.0,0.9440559440559442;;;;;
5.0,151.0,135.0,16.0,0.0,0.0,0.8940397350993378,1.0,0.9440559440559442;;;;;
6.0,151.0,135.0,16.0,0.0,0.0,0.8940397350993378,1.0,0.9440559440559442;;;;;
7.0,151.0,132.0,16.0,0.0,3.0,0.8918918918918919,0.9777777777777777,0.9328621908127209;;;;;
8.0,151.0,43.0,6.0,10.0,92.0,0.8775510204081632,0.31851851851851853,0.46739130434782605;;;;;
9.0,148.0,43.0,6.0,10.0,89.0,0.8775510204081632,0.32575757575757575,0.4751381215469612;;;;;
10.0,146.0,41.0,5.0,11.0,89.0,0.8913043478260869,0.3153846153846154,0.4659090909090909;;;;;
11.0,135.0,0.0,0.0,0.0,0.0,0.0,0.0,0.0;;;;;
12.0,121.0,0.0,0.0,0.0,0.0,0.0,0.0,0.0;;;;;
13.0,102.0,0.0,0.0,0.0,0.0,0.0,0.0,0.0;;;;;
14.0,86.0,0.0,0.0,0.0,0.0,0.0,0.0,0.0;;;;;
15.0,73.0,0.0,0.0,0.0,0.0,0.0,0.0,0.0;;;;;
;;;;;
;;;;;
;;;;;
;;;;;
;;;;;
